experiment	scenario_id	val_accuracy	val_loss	val_top2_accuracy	MODEL_ARCH	AUGMENTATION	LOSS	OPTIMIZER	LR	MOMENTUM	WEIGHT_DECAY	BATCH_SIZE	EPOCHS	SCHEDULER	baseline_tag	exploration_space	untrained	elapsed_sec	git_commit	exp_dir	description	notes	timestamp
20260826_145142_3232877_s0of1_plain_simpledla_rerun	cifar10_source_reference	0.951400	0.209729	0.985200	SimpleDLA	baseline	cross_entropy	sgd	0.100000	0.900000	0.000500	128	200	cosine	plain		False	5389.170000	2a6898c	_runs/exp/20260826_145142_3232877_s0of1_plain_simpledla_rerun	finalize_round（多槽汇总）		2026-08-26T08:45:59.607935+00:00
20260826_145142_3232878_s0of1_reference_dla_rerun	cifar10_source_reference	0.958500	0.178082	0.988400	DLA	baseline	cross_entropy	sgd	0.100000	0.900000	0.000500	128	200	cosine	reference		False	4858.000000	2a6898c	_runs/exp/20260826_145142_3232878_s0of1_reference_dla_rerun	finalize_round（多槽汇总）		2026-08-26T08:45:59.622456+00:00
20260910_014158_3442777_s0of1_smoke_check	cifar10_autonomous	0.763500	0.680630	0.890900	SimpleDLA	baseline	cross_entropy	sgd	0.100000	0.900000	0.000500	128	200	cosine	none		1	128.780000	698fff1	_runs/exp/20260910_014158_3442777_s0of1_smoke_check	finalize_round（多槽汇总）		2026-09-09T17:44:05.615329+00:00
20260910_014751_3493299_s0of1_run	cifar10_autonomous	0.951400	0.209729	0.985200	SimpleDLA	baseline	cross_entropy	sgd	0.100000	0.900000	0.000500	128	200	cosine	plain	A-routine	0	3888.530000	124a710	_runs/exp/20260910_014751_3493299_s0of1_run	finalize_round（多槽汇总）		2026-09-09T18:52:38.836172+00:00
20260910_025959_4087829_s0of2_run	cifar10_autonomous	0.911600	0.285758	0.971600	SimpleDLA	baseline	cross_entropy	sgd	0.100000	0.900000	0.005000	128	200	cosine	none	A-routine	0	3810.270000	1a13cd3	_runs/exp/20260910_025959_4087829_s0of2_run	finalize_round（多槽汇总）		2026-09-09T20:13:58.548289+00:00
20260910_025959_4087831_s1of2_run	cifar10_autonomous	0.950300	0.201151	0.984800	SimpleDLA	baseline	cross_entropy	sgd	0.100000	0.900000	0.000500	128	200	sgdr	none	A-routine	0	3729.000000	1a13cd3	_runs/exp/20260910_025959_4087831_s1of2_run	finalize_round（多槽汇总）		2026-09-09T20:13:58.573993+00:00
20260910_041953_556854_s0of1_run	cifar10_autonomous	0.949000	0.651061	0.981500	SimpleDLA	baseline	cross_entropy	sgd	0.100000	0.900000	0.000500	128	200	cosine	none	C-routine	0	3920.710000	55839ee	_runs/exp/20260910_041953_556854_s0of1_run	finalize_round（多槽汇总）		2026-09-09T21:25:12.970667+00:00
20260910_053209_1151235_s1of2_run	cifar10_autonomous	0.958500	0.178082	0.988400	DLA	baseline	cross_entropy	sgd	0.100000	0.900000	0.000500	128	200	cosine	none	C-different	0	4187.440000	e46b4ce	_runs/exp/20260910_053209_1151235_s1of2_run	finalize_round（多槽汇总）		2026-09-09T23:28:52.639692+00:00
20260910_053207_1150912_s0of2_run	cifar10_autonomous	0.965300	0.131904	0.990300	wrn28_10	baseline	cross_entropy	sgd	0.100000	0.900000	0.000500	128	200	cosine	none	B-different	0	6886.160000	e46b4ce	_runs/exp/20260910_053207_1150912_s0of2_run	finalize_round（多槽汇总）		2026-09-09T23:28:52.665827+00:00
20260910_073624_2184996_s1of2_run	cifar10_autonomous	0.959100	0.167170	0.989300	wrn28_10	baseline	cross_entropy	sgd	0.030000	0.900000	0.000500	128	200	cosine	none	A-routine	0	6843.800000	fe182cc	_runs/exp/20260910_073624_2184996_s1of2_run	finalize_round（多槽汇总）		2026-09-10T01:32:25.264798+00:00
20260910_073624_2184994_s0of2_run	cifar10_autonomous	0.964100	0.146902	0.988900	wrn28_10	baseline	cross_entropy	sgd	0.050000	0.900000	0.000500	128	200	cosine	none	A-routine	0	6884.640000	fe182cc	_runs/exp/20260910_073624_2184994_s0of2_run	finalize_round（多槽汇总）		2026-09-10T01:32:25.290943+00:00
20260910_095111_3330299_s0of2_run	cifar10_autonomous	0.972000	0.154373	0.990000	wrn28_10	mixup	cross_entropy	sgd	0.100000	0.900000	0.000500	128	200	cosine	none	D-derived	0	6918.830000	132c11f	_runs/exp/20260910_095111_3330299_s0of2_run	finalize_round（多槽汇总）		2026-09-10T03:48:01.451285+00:00
20260910_095111_3330603_s1of2_run	cifar10_autonomous	0.970600	0.108345	0.991500	wrn28_10	cutmix	cross_entropy	sgd	0.100000	0.900000	0.000500	128	200	cosine	none	D-different	0	6875.280000	132c11f	_runs/exp/20260910_095111_3330603_s1of2_run	finalize_round（多槽汇总）		2026-09-10T03:48:01.477341+00:00
20260910_120237_304872_s0of2_r7_tierA_wd_sweep	cifar10_autonomous	0.898000	0.332738	0.963600	wrn28_10	mixup	cross_entropy	sgd	0.100000	0.900000	0.005000	128	200	cosine	none	D-derived	0	6852.640000	b2c7098	_runs/exp/20260910_120237_304872_s0of2_r7_tierA_wd_sweep	finalize_round（多槽汇总）		2026-09-10T05:59:37.127216+00:00
20260910_120237_304874_s1of2_r7_tierA_wd_sweep	cifar10_autonomous	0.112000	2.394066	0.210300	wrn28_10	mixup	cross_entropy	sgd	0.100000	0.900000	0.050000	128	200	cosine	none	A-routine	0	6839.910000	b2c7098	_runs/exp/20260910_120237_304874_s1of2_r7_tierA_wd_sweep	finalize_round（多槽汇总）		2026-09-10T05:59:37.153796+00:00
20260910_141425_1455737_s0of2_r8_s0_composite_cutmix_mixup	cifar10_autonomous	0.974100	0.116690	0.993700	wrn28_10	cutmix_mixup	cross_entropy	sgd	0.100000	0.900000	0.000500	128	200	cosine	none	D-routine	0	6914.370000	f858683	_runs/exp/20260910_141425_1455737_s0of2_r8_s0_composite_cutmix_mixup	finalize_round（多槽汇总）		2026-09-10T08:16:07.140723+00:00
20260910_141425_1455739_s1of2_r8_s1_ema_decay	cifar10_autonomous	0.971600	0.134705	0.990100	wrn28_10	mixup	cross_entropy	sgd	0.100000	0.900000	0.000500	128	200	cosine	none	D-routine	0	6930.510000	f858683	_runs/exp/20260910_141425_1455739_s1of2_r8_s1_ema_decay	finalize_round（多槽汇总）		2026-09-10T08:16:07.166798+00:00
20260910_162837_3217461_s1of2_r9_tierA_lr_sweep_s1_lr001	cifar10_autonomous	0.969600	0.140245	0.990400	wrn28_10	cutmix_mixup	cross_entropy	sgd	0.010000	0.900000	0.000500	128	200	cosine	none	D-routine	0	6900.160000	575f131	_runs/exp/20260910_162837_3217461_s1of2_r9_tierA_lr_sweep_s1_lr001	finalize_round（多槽汇总）		2026-09-10T10:24:59.572800+00:00
20260910_162835_3217075_s0of2_r9_tierA_lr_sweep_s0_lr005	cifar10_autonomous	0.974800	0.137608	0.992700	wrn28_10	cutmix_mixup	cross_entropy	sgd	0.050000	0.900000	0.000500	128	200	cosine	none	A-routine	0	6924.020000	575f131	_runs/exp/20260910_162835_3217075_s0of2_r9_tierA_lr_sweep_s0_lr005	finalize_round（多槽汇总）		2026-09-10T10:24:59.601070+00:00
20260910_183748_682330_s0of2_r10_tierC_ls_sweep_s0_ls005	cifar10_autonomous	0.975200	0.361033	0.992700	wrn28_10	cutmix_mixup	cross_entropy	sgd	0.100000	0.900000	0.000500	128	200	cosine	none	C-routine	0	6935.780000	6377ac9	_runs/exp/20260910_183748_682330_s0of2_r10_tierC_ls_sweep_s0_ls005	finalize_round（多槽汇总）		2026-09-10T12:34:03.754138+00:00
20260910_183749_682528_s1of2_r10_tierC_ls_sweep_s1_ls01	cifar10_autonomous	0.977000	0.565124	0.993500	wrn28_10	cutmix_mixup	cross_entropy	sgd	0.100000	0.900000	0.000500	128	200	cosine	none	C-routine	0	6891.730000	6377ac9	_runs/exp/20260910_183749_682528_s1of2_r10_tierC_ls_sweep_s1_ls01	finalize_round（多槽汇总）		2026-09-10T12:34:03.779642+00:00
20260910_204801_2317143_s0of2_r11_tierB_routine_s0_preact_resnet18	cifar10_autonomous	0.966900	0.599494	0.989600	preact_resnet18	cutmix_mixup	cross_entropy	sgd	0.100000	0.900000	0.000500	128	200	cosine	none	B-different	0	2425.770000	e7e7da3	_runs/exp/20260910_204801_2317143_s0of2_r11_tierB_routine_s0_preact_resnet18	finalize_round（多槽汇总）		2026-09-10T14:44:46.345340+00:00
20260910_204803_2317587_s1of2_r11_tierD_extend_s1_composite_p03	cifar10_autonomous	0.975000	0.576474	0.992600	wrn28_10	cutmix_mixup	cross_entropy	sgd	0.100000	0.900000	0.000500	128	200	cosine	none	B-different	0	6918.700000	e7e7da3	_runs/exp/20260910_204803_2317587_s1of2_r11_tierD_extend_s1_composite_p03	finalize_round（多槽汇总）		2026-09-10T14:44:46.371938+00:00
20260910_225506_3920310_s0of2_r12_tierA_sam_sweep_s0_rho003	cifar10_autonomous	0.937900	0.656150	0.983300	wrn28_10	cutmix_mixup	cross_entropy	sgd	0.100000	0.900000	0.000500	128	200	cosine	none	A-routine	0	7267.480000	c5a0696	_runs/exp/20260910_225506_3920310_s0of2_r12_tierA_sam_sweep_s0_rho003	finalize_round（多槽汇总）		2026-09-10T16:57:38.187849+00:00
20260910_225507_3920666_s1of2_r12_tierA_sam_sweep_s1_rho005	cifar10_autonomous	0.948500	0.636753	0.985600	wrn28_10	cutmix_mixup	cross_entropy	sgd	0.100000	0.900000	0.000500	128	200	cosine	none	A-routine	0	7231.180000	c5a0696	_runs/exp/20260910_225507_3920666_s1of2_r12_tierA_sam_sweep_s1_rho005	finalize_round（多槽汇总）		2026-09-10T16:57:38.214568+00:00
20260911_010733_1383573_s0of1_run	cifar10_autonomous	0.975300	0.568158	0.993000	wrn28_10	cutmix_mixup	cross_entropy	sgd	0.050000	0.900000	0.000500	128	200	cosine	none	A-routine	0	6925.150000	12bf209	_runs/exp/20260911_010733_1383573_s0of1_run	finalize_round（多槽汇总）		2026-09-10T19:02:57.231867+00:00
20260911_031155_2943368_s0of2_r14_tierA_lr_sweep_s0_lr003	cifar10_autonomous	0.975000	0.574193	0.992500	wrn28_10	cutmix_mixup	cross_entropy	sgd	0.030000	0.900000	0.000500	128	200	cosine	none	A-routine	0	6928.470000	785aa3c	_runs/exp/20260911_031155_2943368_s0of2_r14_tierA_lr_sweep_s0_lr003	finalize_round（多槽汇总）		2026-09-10T21:10:00.748779+00:00
20260911_031156_2943393_s1of2_r14_tierA_routine_s1_reference_anchor	cifar10_autonomous	0.972000	0.154373	0.990000	wrn28_10	mixup	cross_entropy	sgd	0.100000	0.900000	0.000500	128	200	cosine	reference	D-routine	0	6876.830000	785aa3c	_runs/exp/20260911_031156_2943393_s1of2_r14_tierA_routine_s1_reference_anchor	finalize_round（多槽汇总）		2026-09-10T21:10:00.775221+00:00
20260911_052420_413172_s1of2_run	cifar10_autonomous	0.972100	0.580333	0.991900	wrn28_10	cutmix_mixup	cross_entropy	sgd	0.100000	0.900000	0.000500	128	200	sgdr	none	D-routine	0	6888.940000	8c8f800	_runs/exp/20260911_052420_413172_s1of2_run	finalize_round（多槽汇总）		2026-09-10T23:25:12.620446+00:00
20260911_052419_412944_s0of2_run	cifar10_autonomous	0.884700	0.801855	0.959200	wrn28_10	cutmix_mixup	cross_entropy	sgd	0.100000	0.900000	0.000500	128	200	cosine	none	A-routine	0	7232.050000	8c8f800	_runs/exp/20260911_052419_412944_s0of2_run	finalize_round（多槽汇总）		2026-09-10T23:25:12.647492+00:00
20260911_073657_2070077_s0of2_run	cifar10_autonomous	0.884700	0.801855	0.959200	wrn28_10	cutmix_mixup	cross_entropy	sgd	0.100000	0.900000	0.000500	128	200	cosine	none	A-routine	0	7227.270000	63dd89d	_runs/exp/20260911_073657_2070077_s0of2_run	finalize_round（多槽汇总）		2026-09-11T01:41:01.532406+00:00
20260911_073657_2070079_s1of2_run	cifar10_autonomous	0.973900	0.570698	0.993300	wrn28_10	cutmix_mixup	cross_entropy	sgd	0.100000	0.900000	0.000500	128	200	cosine	none	A-routine	0	6901.920000	63dd89d	_runs/exp/20260911_073657_2070079_s1of2_run	finalize_round（多槽汇总）		2026-09-11T01:41:01.560326+00:00
20260911_095236_3800030_s0of1_run	cifar10_autonomous	0.874200	0.833782	0.944900	wrn28_10	cutmix_mixup	cross_entropy	sgd	0.100000	0.900000	0.000500	128	200	cosine	none	A-routine	0	7208.990000	4788821	_runs/exp/20260911_095236_3800030_s0of1_run	finalize_round（多槽汇总）		2026-09-11T03:52:43.676451+00:00
20260911_120241_1316763_s0of2_run	cifar10_autonomous	0.972200	0.580896	0.991800	wrn28_10	cutmix_mixup	cross_entropy	sgd	0.100000	0.900000	0.000500	128	100	cosine	none	A-routine	0	4562.260000	8450bd1	_runs/exp/20260911_120241_1316763_s0of2_run	finalize_round（多槽汇总）		2026-09-11T05:59:03.400185+00:00
20260911_120241_1316765_s1of2_run	cifar10_autonomous	0.975200	0.574040	0.992500	wrn28_10	cutmix_mixup	cross_entropy	sgd	0.080000	0.900000	0.000500	128	200	cosine	none	A-routine	0	6891.150000	8450bd1	_runs/exp/20260911_120241_1316765_s1of2_run	finalize_round（多槽汇总）		2026-09-11T05:59:03.427263+00:00
20260911_141040_3003715_s0of2_run	cifar10_autonomous	0.975800	0.566466	0.992700	wrn28_10	cutmix_mixup	cross_entropy	sgd	0.100000	0.900000	0.000500	128	200	cosine	none	A-routine	0	6950.510000	9ce8f99	_runs/exp/20260911_141040_3003715_s0of2_run	finalize_round（多槽汇总）		2026-09-11T08:13:46.756717+00:00
20260911_141040_3003716_s1of2_run	cifar10_autonomous	0.969800	0.592546	0.990400	wrn40_4	cutmix_mixup	cross_entropy	sgd	0.100000	0.900000	0.000500	128	100	cosine	none	B-different	0	1999.680000	9ce8f99	_runs/exp/20260911_141040_3003716_s1of2_run	finalize_round（多槽汇总）		2026-09-11T08:13:46.783906+00:00
20260911_162749_672711_s0of2_r21_tierB_routine_s0_wrn40_4_200ep	cifar10_autonomous	0.971500	0.582191	0.992200	wrn40_4	cutmix_mixup	cross_entropy	sgd	0.100000	0.900000	0.000500	128	200	cosine	none	A-routine	0	7225.620000	cc682c2	_runs/exp/20260911_162749_672711_s0of2_r21_tierB_routine_s0_wrn40_4_200ep	finalize_round（多槽汇总）		2026-09-11T10:32:51.932558+00:00
20260911_163017_706332_s1of2_r21_tierA_novel_s1_lookahead	cifar10_autonomous	0.937600	0.664043	0.977700	wrn28_10	cutmix_mixup	cross_entropy	sgd	0.100000	0.900000	0.000500	128	200	cosine	none	B-different	0	7230.130000	cc682c2	_runs/exp/20260911_163017_706332_s1of2_r21_tierA_novel_s1_lookahead	finalize_round（多槽汇总）		2026-09-11T10:32:51.959590+00:00
